Name,AppID
PUBG: BATTLEGROUNDS,578080
Counter-Strike 2,730
Call of DutyÂ®: Black Ops 6,2933620
God of War,1593500
EA SPORTS FCâ„¢ 25,3102940
Borderlands 3,397540
Black Myth: Wukong,2358720
Prince of Persia The Lost Crown,2751000
Five Nights at Freddy's: Into the Pit,2638370
"Warhammer 40,000: Space Marine 2",2183900
Hero's Land,2349820
DRAGON BALL: Sparking! ZERO,1790600
DOOM Eternal,782330
Rust,980030
Rust,252490
ELDEN RING,1245620
Dead by Daylight,381210
Phasmophobia,739630
NARAKA: BLADEPOINT,1203220
HELLDIVERSâ„¢ 2,553850
DiabloÂ® IV,2344520
Grand Theft Auto V,362003
Grand Theft Auto V,271590
Fallout 4,377160
TitanfallÂ® 2,1237970
Stardew Valley,413150
Warframe,230410
The Elder Scrolls V: Skyrim Special Edition,489830
Black Desert,582660
Dota 2,570
Tiny Tina's Wonderlands,1286680
Borderlands 2,49520
Starfield,1716740
Half-Life: Alyx,546560
SteamWorld Heist II,2396240
Euro Truck Simulator 2,227300
EA SPORTS FCâ„¢ 24,2195250
Path of Exile,238960
Darkwood,274520
War Thunder,236390
Fallout 76,1151340
DOOM + DOOM II,2280
Cat Quest III,2305840
Project Zomboid,108600
The Simsâ„¢ 4,1222670
Sons Of The Forest,1326470
Destiny 2,1085660
RimWorld,294100
Call of DutyÂ®,1938090
STAR WARS Jedi: Survivorâ„¢,1774580
Supermarket Simulator,2670630
DOOM,379720
Age of Mythology: Retold,1934680
The Simsâ„¢ 3,47890
Bloons TD 6,960090
Borderlands: The Pre-Sequel,261640
Albion Online,761890
Dark and Darker,2016590
Magic: The Gathering Arena,2141910
DREDGE,1562430
Cyberpunk 2077,1091500
Dragonheir: Silent Gods,2203070
Inscryption,1092790
ARK: Survival Ascended,2399830
Need for Speedâ„¢ Unbound,1846380
BeamNG.drive,284160
Deep Rock Galactic,548430
HITMAN World of Assassination,1659040
Balatro,2379780
eFootballâ„¢ 2024,1665460
ARK: Survival Evolved,346110
Ghost of Tsushima DIRECTOR'S CUT,2215430
VLADiK BRUTAL,1316680
Hi-Fi RUSH,1817230
Enshrouded,1203620
Crusader Kings III,1158310
Hearts of Iron IV,394360
Battlefieldâ„¢ 2042,1517290
Forza Horizon 5,1551360
DCS World Steam Edition,223750
World of Tanks Blitz,444200
Team Fortress 2,440
Dungeons & Degenerate Gamblers,2400510
No Man's Sky,275850
The Last of Usâ„¢ Part I,1888930
ONE PIECE: PIRATE WARRIORS 4,1089090
Florensia,384030
A Little to the Left,1629520
SnowRunner,1465360
Stray,1332010
Europa Universalis IV,236850
Cuphead,268910
EA SPORTSâ„¢ WRC,1849250
Palworld,1623730
Content Warning,2881650
UBOAT,494840
Raft,648800
Ratten Reich,1717250
DayZ,221100
Disney Dreamlight Valley,1401590
Knock on the Coffin Lid,1232580
Wolfenstein II: The New Colossus,612880
Age of Empires II: Definitive Edition,813780
Call of DutyÂ®: Warzoneâ„¢,1962663
WWE 2K24,2315690
Fallout: New Vegas,22380
Fallout: New Vegas,22449
Fallout: New Vegas,5710
Fallout: New Vegas,5711
Taxi Life: A City Driving Simulator,1351240
Prey,480490
Prey,3970
F1Â® 24,2488620
Metaphor: ReFantazio,2679460
ANIMAL WELL,813230
Call of DutyÂ®: Modern WarfareÂ®,2000950
Grounded,962130
Dead Space,1693980
MARVEL SNAP,1997040
New Tales from the Borderlands,1454970
Vampire Survivors,1794680
OverwatchÂ® 2,2357570
F1Â® Manager 2024,2591280
Crash Bandicootâ„¢ N. Sane Trilogy,731490
Football Manager 2024,2252570
Wolfenstein: The New Order,201810
Hollow Knight,367520
PlateUp!,1599600
Bread & Fred,1607680
Crash Bandicootâ„¢ 4: Itâ€™s About Time,1378990
Party Animals,1260320
Wolfenstein: Youngblood,1056960
Red Dead Redemption 2,1174180
Thank Goodness You're Here!,2366980
Farming Simulator 25,2300320
Total War: WARHAMMER III,1142710
Ready or Not,2057370
Ready or Not,1144200
Pacific Drive,1458140
Hades II,1145350
Guild Wars 2,1284210
Dishonored 2,403640
NBA 2K24,2338770
Tony Hawk'sâ„¢ Pro Skaterâ„¢ 1 + 2,2395210
Garry's Mod,4000
Stumble Guys,1677740
Stellaris,281990
Governor of Poker 3,436150
Brawlhalla,291550
War Robots,767560
Persona 3 Reload,2161700
Summoners War,2426960
DOOM 3,9050
PAYDAY 3,1272080
Cult of the Lamb,1313140
Dishonored,205100
Spyroâ„¢ Reignited Trilogy,996580
Cities: Skylines,255710
Hunt: Showdown,594650
THRONE AND LIBERTY,2429640
Factorio,427520
Hell Let Loose,686810
Norland,1857090
Call of DutyÂ®: Modern WarfareÂ® 3 (2011),115300
Call of DutyÂ®: Modern WarfareÂ® 3 (2011),42680
Harry Potter: Quidditch Champions,2878600
Blasphemous 2,2114740
Age of Wonders 4,1669000
WorldBox - God Simulator,1206560
God of War RagnarÃ¶k,2322010
Tomba! Special Edition,2851150
Grocery Store Simulator,3082400
Grocery Store Simulator,2961880
Gym Manager,2337460
Still Wakes the Deep,1622910
Digimon Survive,871980
Soulmask,2646460
GUILTY GEAR -STRIVE-,1384160
Age of Empires IV: Anniversary Edition,1466860
The Crush House,2337820
PANICORE,2695940
Necesse,1169040
Farlands,2252680
THE FINALS,2073850
Transport INC,936500
Manor Lords,1363080
Conan Exiles,440900
Left 4 Dead 2,550
Monster Hunter: World,582010
7 Days to Die,251570
Fishing Planet,380600
Medieval Dynasty,1129580
Space Haven,979110
Mad Games Tycoon 2,1342330
Baten Kaitos I & II HD Remaster,2146170
Poppy Playtime,1721470
World of Warships,552990
Victoria 3,529340
Cities: Skylines II,949230
Granblue Fantasy: Relink,881020
Train Valley World,2244470
Tales from the Borderlands,330830
Hogwarts Legacy,990080
Terraria,105600
Plants vs. Zombiesâ„¢ Garden Warfare 2: Deluxe Edition,1922560
Conqueror's Blade,905370
Conqueror's Blade,835570
Derail Valley,588030
"Little Kitty, Big City",1177980
Dead Rising Deluxe Remaster,2527390
STAR WARSâ„¢ Battlefrontâ„¢ II,1237950
It Takes Two,1426210
Wreckfest,228380
Outer Wilds,753640
X-Plane 11,269950
Mini Settlers,2521630
Lorelei and the Laser Eyes,2008920
Tank Force: Online Shooter Game,604500
DARK SOULSâ„¢ III,374320
Among Us,945360
Ghostwire: Tokyo,1475810
Golf It!,571740
Bellwright,1812450
Resident Evil 4,2050650
Buckshot Roulette,2835570
Cat Quest II,914710
Gladiator Guild Manager,1043260
The Forest,242760
They Are Billions,644930
Beat Saber,620980
The Thaumaturge,1684350
Hades,1145360
FINAL FANTASY VI,1173820
Need for Speedâ„¢ Most Wanted,1262560
The Witcher 3: Wild Hunt,292030
"Imperivm RTC - HD Edition ""Great Battles of Rome""",752580
Call of DutyÂ®: Vanguard,1985820
Mortal Kombat 1,1971870
Automobilista 2,1066890
Total War: SHOGUN 2,201270
Total War: SHOGUN 2,34330
Elite Dangerous,359320
FINAL FANTASY III,1173790
Titan Quest Anniversary Edition,475150
The Texas Chain Saw Massacre,1433140
Total War: ROME II - Emperor Edition,214950
Captain of Industry,1594320
Deep Rock Galactic: Survivor,2321470
NBA 2K25,2878980
Call of the Wild: The Anglerâ„¢,1408610
American Truck Simulator,270880
Blood Bowl 3,1016950
Shop Titans,1258080
Murky Divers,2963880
RIDE 4,1259980
Cat Quest,593280
Dune: Imperium,1689500
Aquarium Designer,1339000
DOOM 64,1148590
Senuaâ€™s Saga: Hellblade II,2461850
ASKA,1898300
"Warhammer 40,000: Darktide",1361210
Frostpunk 2,1601580
Last Train Home,1469610
FINAL FANTASY VII REMAKE INTERGRADE,1462040
Cataclismo,1422440
KINGDOM HEARTS HD 2.8 Final Chapter Prologue,2552440
The Evil Within 2,601430
Voidtrain,1159690
DRAGON QUEST III HD-2D Remake,2701660
Super Woden GP 2,2083210
Crossout,386180
Universe Sandbox,80776
Universe Sandbox,230290
Contra: Operation Galuga,2235020
FINAL FANTASY V,1173810
Assetto Corsa Competizione,805550
Stronghold Crusader 2,232890
FINAL FANTASY II,1173780
Farming Simulator 22,1248130
"Warhammer 40,000: Space Marine - Anniversary Edition",55150
RoboCop: Rogue City,1681430
The Evil Within,268050
FINAL FANTASY IV,1173800
Skullgirls 2nd Encore,245170
TEKKEN 7,389730
Pro Basketball Manager 2024,2328780
Alice: Madness Returns,19680
Le Mans Ultimate,2399420
Marvel's Guardians of the Galaxy,1088850
Pathfinder: Wrath of the Righteous - Enhanced Edition,1184370
Slay the Spire,646570
Thymesia,1343240
Songs of Conquest,867210
Halo Infinite,1240440
Overcooked! All You Can Eat,1243830
NieR:Automataâ„¢,524220
Until Then,1574820
Yu-Gi-Oh! Duel Links,601510
MultiVersus,1818750
Contraband Police,756800
KINGDOM HEARTS -HD 1.5+2.5 ReMIX-,2552430
Horizon Zero Dawnâ„¢ Complete Edition,1151640
Detroit: Become Human,1222140
Grand Theft Auto IV: The Complete Edition,12210
Drug Dealer Simulator 2,1708850
Quake II,2320
"Papers, Please",239030
Age of Empires III: Definitive Edition,933110
IL-2 Sturmovik: Battle of Stalingrad,307960
Highrise City,1489970
COCOON,1497440
Days Gone,1259420
Outcast - A New Beginning,1013140
Shadows of Doubt,986130
Way of the Hunter,1288320
WE ARE FOOTBALL 2024,1951410
Subnautica,264710
HumanitZ,1766060
Dragon Age: Origins - Ultimate Edition,47810
Stormgate,2012510
Kingdom Come: Deliverance,379430
Killing Floor 2,232090
Darkest DungeonÂ® II,1940340
Megaquarium,600480
Need for Speedâ„¢,1262540
Anger Foot,1978590
The Operator,1771980
Soulstone Survivors,2066020
Gold Mining Simulator,451340
Quake,2310
Space Engineers,244850
Starship Troopers: Terran Command,1202130
South Parkâ„¢: The Stick of Truthâ„¢,213670
NARUTO TO BORUTO: SHINOBI STRIKER,633230
Car Manufacture,983380
Timberborn,1062090
WILD HEARTSâ„¢,1938010
Worms W.M.D,327030
Delivery INC,1793260
Monster Hunter Stories 2: Wings of Ruin,1277400
VRChat,438100
MY HERO ONE'S JUSTICE 2,1058450
SCUM,513710
No Rest for the Wicked,1371980
Terra Invicta,1176470
DEATH STRANDING DIRECTOR'S CUT,1850570
Barro GT,1990740
Kenshi,233860
Bluey: The Videogame,2078350
Pepper Grinder,2076580
Ghosts 'n Goblins Resurrection,1375400
Snufkin: Melody of Moominvalley,1808680
Ship of Fools,1286580
Outlast,238320
Outlast,1318840
Call to Arms - Gates of Hell: Ostfront,400750
Dead Spaceâ„¢ 3,1238060
DAVE THE DIVER,1868140
The Invincible,731040
Workers & Resources: Soviet Republic,784150
FINAL FANTASY,1173770
Blasphemous,774361
Ghost Watchers,1850740
Metal Slug: Awakening,2963870
Crysis Remastered,1715130
Crysis 3 Remastered,2096610
Friends vs Friends,1785150
Dungeons of Hinterberg,1983260
Call to Arms,302670
Rain World,312520
Battle of Empires : 1914-1918,316430
SpongeBob SquarePants: The Cosmic Shake,1282150
Dungeons 4,1643310
Command & Conquerâ„¢ Remastered Collection,1213210
Creatures of Ava,2304440
Asphalt Legends Unite,1815780
Deathless,2443090
Vigor - Reinforcements Pack,2893370
BioShock Infinite,8870
SteamWorld Build,2134770
Space for Sale,1624060
The Settlers: New Allies,2750080
Trepang2,1164940
Five Nights at Freddy's: Security Breach,747660
Rusty's Retirement,2666510
Samurai Jack: Battle Through Time,1150590
Risk of Rain 2,632360
Unravel Two,1225570
ONE PIECE World Seeker,755500
Gloomhaven,780290
CarX Drift Racing Online,635260
BIOMUTANT,597820
Street Fighterâ„¢ 6,1364780
Infection Free Zone,1465460
Dice & Fold,2693930
Chants of Sennaar,1931770
Destroy All Humans! 2 - Reprobed,1266700
Subnautica: Below Zero,848450
theHunter: Call of the Wildâ„¢,518790
60 Seconds! Reatomized,1012880
Supernatural,2093010
"Warhammer 40,000: Chaos Gate - Daemonhunters",1611910
House Flipper,613100
YOHANE THE PARHELION -BLAZE in the DEEPBLUE-,2404370
Butanooo! Simulator,2785170
Darksiders III,606280
Saints Row,742420
METAL GEAR & METAL GEAR 2: Solid Snake,2131680
Destroy All Humans!,803330
Flintlock: The Siege of Dawn,1832040
Visage,594330
Total War: ROME REMASTERED,885970
MONSTER HUNTER RISE,1446780
Linkito,2312770
INDIKA,1373960
Call of Duty: World at War,10090
A Space for the Unbound,1201270
Dorfromantik,1455840
Coral Island,1158160
Total Conflict: Resistance,1860510
Warhammer: Vermintide 2,552500
Shadow Warrior 2,324800
Pharaoh: A New Era,1351080
Terra Nil,1593030
Crown Wars: The Black Prince,1658920
Drakensang Online,2067850
Nickelodeon All-Star Brawl 2,2017080
Arx Fatalis,1700
Big Ambitions,1331550
Besiege,346010
The Crust,1465470
Portal 2,620
Olympic Games Tokyo 2020 â€“ The Official Video Gameâ„¢,981890
Ultimate Chicken Horse,386940
Fallout 3,22300
Fallout 3,22309
DiRT Rally 2.0,690790
Crypt of the NecroDancer,247080
Half-Life 2,220
Shin Megami Tensei V: Vengeance,1875830
MotoGPâ„¢23,2100160
This War of Mine,282070
What Remains of Edith Finch,501300
Little Nightmares,424840
Fabledom,1651560
Fran Bow,362680
Furnish Master,2004080
Brotato,1942280
GigaBash,1546400
Diplomacy is Not an Option,1272320
Rise of Nations: Extended Edition,287450
MotoGPâ„¢24,2581700
Spirit City: Lofi Sessions,2113850
Need for Speedâ„¢ Hot Pursuit Remastered,1328660
RAGE,9200
Banishers: Ghosts of New Eden,1493640
Resident Evil 7 Biohazard,418370
Darksiders II Deathinitive Edition,388410
SCHiM,1519710
Mad Max,234140
FINAL FANTASY X/X-2 HD Remaster,359870
Bus Simulator 18,515180
TerraTech,285920
Passpartout 2: The Lost Artist,1571100
Crime Boss: Rockay City,2933080
FINAL FANTASY VIII - REMASTERED,1026680
ENDER MAGNOLIA: Bloom in the Mist,2725260
PowerWash Simulator,1290000
Vigor,2818260
Age of Empires: Definitive Edition,1017900
Train Valley 2,602320
RIDE 5,1650010
911 Operator,503560
DRAGON BALL XENOVERSE 2,454650
Forts,410900
Born of Bread,1555140
Wizard with a Gun,1150530
Total War: WARHAMMER II,594570
Car Mechanic Simulator 2021,1190000
"Warhammer 40,000: Rogue Trader",2186680
Stranded Deep,313120
The Last Faith,1274600
Company of Heroes 3,1677280
The Great War: Western Frontâ„¢,2109370
Age of Mythology: Extended Edition,266840
Ni no Kuniâ„¢ II: Revenant Kingdom,589360
Overcooked! 2,728880
Bomb Rush Cyberfunk,1353230
Tomb Raider,203160
Immortals of Aveumâ„¢,2009100
Need for Speedâ„¢ Payback,1262580
Little Nightmares II,860510
Fantasy General II,1025440
Flock,1472930
Ages of Conflict: World War Simulator,2186320
MX vs ATV Legends,1205970
PAYDAY 2,218620
Empires of the Undergrowth,463530
The Outer Worlds,578650
Company of Heroes 2,231430
Tales of Kenzeraâ„¢: ZAU,2316580
GUNDAM BREAKER 4,1672500
Deliver Us Mars,1345890
Alone in the Dark,1310410
Wobbly Life,1211020
Bully: Scholarship Edition,12200
ArcaniA,39690
Demonologist,1929610
Prison Architect,233450
Preserve,2109270
X4: Foundations,392160
Stronghold: Definitive Edition,2140020
RAGE 2,548570
Kitty Powers' Matchmaker,285740
Golf With Your Friends,431240
Gas Station Simulator,1149620
The Elder Scrolls Online: Gold Road,2662630
Expeditions: A MudRunner Game,2477340
LEGOÂ® The Lord of the Ringsâ„¢,214510
Palia,2707930
The Painscreek Killings,624270
Nexomon: Extinction,1196630
Test Drive Unlimited Solar Crown,1249970
Middle-earthâ„¢: Shadow of Mordorâ„¢,241930
DARK SOULSâ„¢: REMASTERED,570940
Furi,423230
Dragon's Dogma 2,2054970
Luck be a Landlord,1404850
Moonlighter,606150
Crow Country,1996010
Clothing Store Simulator,2923390
Counter-Strike,10
Desperados III,610370
ENDER LILIES: Quietus of the Knights,1369630
Republic of Pirates,2103470
Satisfactory,526870
Ravenswatch,2071280
ORX,1071140
Summoners War: Chronicles,2167580
Minishoot' Adventures,1634860
Mechabellum,669330
Jurassic World Evolution 2,1244460
DOOM VFR,650000
Northgard,466560
Master of Chess,2248900
The Witness,210970
Frozen Flame,715400
Cloudpunk,746850
Homefront,55100
Homefront,5975
Journey,638230
Roots of Pacha,1245560
Tyranny,362960
Pummel Party,880940
BattleBit Remastered,671860
Dealer's Life 2,1343670
Candy & Toys Store Simulator,3013700
Retail Company Simulator,3089130
Police Simulator: Patrol Officers,997010
Builders of Greece,1273100
NBA 2K23,1919590
ðŸ§  OUT OF THE BOX,576960
Soulstice,1602080
Jagged Alliance 3,1084160
Book of Demons,449960
Wizard101,799960
JudgeSim,2919660
Moss: Book II,2059670
Stacklands,1948280
F1Â® 23,2108330
Untitled Goose Game,837470
Fears to Fathom - Ironbark Lookout,2506160
Sky: Children of the Light,2325290
Darkest DungeonÂ®,262060
"Yes, Your Grace",1115690
Myth of Empires,1371580
Everafter Falls,1416960
Drug Dealer Simulator,682990
The Planet Crafter,1284190
Crysis 2 Remastered,2096600
Old World,597180
The Last Spell,1105670
WAKFU,215080
Last Epoch,899770
Tiny Tina's Assault on Dragon Keep: A Wonderlands One-shot Adventure,1712840
Darksiders Genesis,710920
The Pathless,1492680
Trainz Railroad Simulator 2022,1784570
Goat Simulator,265930
At Dead Of Night,1450830
Stock Car Extreme,273840
Commandos 3 - HD Remaster,1469170
Achilles: Legends Untold,1314000
SpellForce 3 Reforced,311290
Steelrising,1283400
Ship Graveyard Simulator 2,2201940
SONIC X SHADOW GENERATIONS,2513280
Jujutsu Kaisen Cursed Clash,1877020
Nioh 2 â€“ The Complete Edition,1325200
Gestalt: Steam & Cinder,1231990
Escape the Backrooms,1943950
Scrap Mechanic,387990
Ogu and the Secret Forest,1985960
Magicka 2,238370
Commandos 2 - HD Remaster,1100410
Tropico 6,492720
Lovers in a Dangerous Spacetime,252110
ARMORED COREâ„¢ VI FIRES OF RUBICONâ„¢,1888160
Death Roads: Tournament,1619570
WARNO,1611600
Master of Magic,1623070
Gunfire Reborn,1217060
Record of Lodoss War-Deedlit in Wonder Labyrinth-,1203630
SpongeBob SquarePants: Battle for Bikini Bottom - Rehydrated,969990
Firewatch,383870
Movies Tycoon,2659050
Half-Life,70
Amigo: Kebab Simulator,2280320
Avorion,445220
Star Renegades,651670
TUNIC,553420
Capcom Arcade Stadium,1515950
Men of War II,1128860
Lock 'n Load Tactical Digital: Core Game,1149940
STAR WARSâ„¢: Bounty Hunterâ„¢,2419090
MONOPOLY Poker,1474700
Sunkenland,2080690
FIVE NIGHTS AT FREDDY'S: HELP WANTED,732690
Card Shark,1371720
Frostpunk,323190
Automation - The Car Company Tycoon Game,293760
Travellers Rest,1139980
Scourge Of War - Remastered,2205330
A Total War Saga: TROY,1099410
AO Tennis 2,1072500
Power & Revolution 2022 Edition,1823600
Punch Club 2: Fast Forward,1161590
Life is Strange: Before the Storm,554620
Kitaria Fables,1356280
Tourist Bus Simulator,953580
Volgarr the Viking II,2195140
theHunter Classic,253710
"I Have No Mouth, and I Must Scream",245390
International Basketball Manager 23,2098130
Old Market Simulator,2878420
Eiyuden Chronicle: Hundred Heroes,1658280
Train Simulator Classic 2024,24010
Alien: Isolation,214490
For The King II,1676840
Lightyear Frontier,1677110
Russian Fishing 4,766570
GRID Legends,1307710
Ikai,1315210
World of Goo,22000
Trombone Champ,1059990
Life is Strange: Double Exposure,1874000
The Riftbreaker,780310
Heroes of Might & Magic V: Hammers of Fate,15380
Tom Clancy's Ghost ReconÂ® Wildlands,460930
Cookie Clicker,1454400
Pacify,967050
Kunitsu-Gami: Path of the Goddess,2510710
Nobody Wants to Die,1939970
World War Armies,2438160
Wayfinder,1171690
Pikuniku,572890
SteamWorld Heist,322190
Flatworld,1296540
Driftwood,2223700
Let's Build a Zoo,1547890
Cooking Simulator,641320
Thronefall,2239150
112 Operator,793460
Easy Red 2,1324780
Gym Simulator 24,2559270
Beach Invasion 1944,2209680
Imperator: Rome,859580
Blade Runner: Enhanced Edition,1678420
Mortal Online 2,1170950
Mr. Prepper,761830
Valheim,892970
Iconoclasts,393520
Milk outside a bag of milk outside a bag of milk,1604000
Sifu,2138710
Might & Magic: Clash of Heroes - Definitive Edition,2213300
We Love Katamari REROLL+ Royal Reverie,1730700
One Piece: Unlimited World Red - Deluxe Edition,571720
Counter-Strike Nexon: Studio,273110
FINAL FANTASY IX,377840
Neon White,1533420
Root,965580
Hidden Object Bundle 5 in 1,346140
Terminator: Resistance,954740
Tintin Reporter - Cigars of the Pharaoh,2125090
Kerbal Space Program,220200
Shovel Knight: Treasure Trove,250760
Embr,1062830
Mount & Blade: Warband,48700
King Arthur: Legion IX,2739830
Terminus: Zombie Survivors,1534980
FINAL FANTASY XV WINDOWS EDITION,637650
Spectator 2,2358620
Astral Ascent,1280930
Trine 5: A Clockwork Conspiracy,1436700
Expeditions: Rome,987840
March of Empires,702320
Gravel,558260
PC Building Simulator,621060
The Beginner's Guide,303210
Battle Talent,1331510
Garten of Banban 7,2693060
Isle of Arrows,1946970
A Dance of Fire and Ice,977950
Chivalry 2,1824220
Field of Glory: Empires,1011390
Strategic Command WWII: War in the Pacific,2740080
"Warhammer 40,000: Dawn of War III",285190
POOLS,2663530
Totally Accurate Battle Simulator,508440
Idle Fishing,2725560
SteamWorld Dig 2,571310
Punch Club,394310
Pinball FX,2328760
Ultimate Fishing Simulator,468920
Beach Invasion 1945 - Pacific,2390480
There Is No Game: Wrong Dimension,1240210
Skelethrone: The Chronicles of Ericona,2139840
Need for Speedâ„¢ Rivals,1262600
STAR WARSâ„¢ Galactic Battlegrounds Saga,356500
Fernbus Simulator,427100
Immortal Realms: Vampire Wars,1024480
Pampas & Selene: The Maze of Demons,1966220
OCTOPATH TRAVELER II,1971650
Descenders,681280
Stranded: Alien Dawn,1324130
Lost Eidolons,1580520
Jurassic World Evolution,648350
Fallout Shelter,588430
Inside the Backrooms,1987080
Shakes and Fidget,438040
TetrisÂ® Effect: Connected,1003590
AirportSim,1715280
Wizardry: Proving Grounds of the Mad Overlord,2518960
Just Shapes & Beats,531510
XCOM: Enemy Unknown,200510
Gladiators: Survival in Rome,2295520
Viewfinder,1382070
Trove,304050
FOUNDRY,983870
Kebab Chefs! - Restaurant Simulator,1001270
Tiny Terry's Turbo Trip,2238040
Mini Metro,287980
Big Farm Story,1329510
Anno 1800,916440
Trinity Fusion,1911360
We Were Here Expeditions: The FriendShip,2296990
MXGP 2020 - The Official Motocross Videogame,1259800
Train Sim WorldÂ® 4,2362300
Gordian Quest,981430
Wartales,1527950
The Entropy Centre,1730590
"Football, Tactics & Glory",375530
7 Days to End with You,1859280
Hospital 666,2774380
Cell to Singularity - Evolution Never Ends,977400
ELEX,411300
Dead Frontier 2,744900
Hot Lap Racing,2322830
ASTRONEER,361420
Song of Nunu: A League of Legends Story,1333200
Escape Simulator,1435790
Marauders,1789480
The LEGOÂ® NINJAGOÂ® Movie Video Game,640590
Tribes of Midgard,858820
Islands of Insight,2071500
Hellblade: Senua's Sacrifice,414340
Graze Counter GM,1486440
Back 4 Blood,924970
Grim Fandango Remastered,316790
Killer Frequency,1903620
Neon Abyss,788100
Greak: Memories of Azur,1311070
Natural Selection 2,4920
Catan Universe,544730
God Of Weapons,2342950
Worms Armageddon,217200
SteamWorld Quest: Hand of Gilgamech,804010
The Stanley Parable,221910
Arma Reforger,1874880
Keep Talking and Nobody Explodes,341800
Pinball FX2 VR,547590
Goat Simulator 3,850190
Sally Face - Episode One,541570
Stellar Initiative,2529080
Aimlabs,714010
Old School Rally,2824660
Amnesia: The Dark Descent,57300
Into the Radius VR,1012790
Eleven Table Tennis,488310
Total War: WARHAMMER,364360
Tomb Raider I-III Remastered Starring Lara Croft,2478970
Nightingale,1928980
Reigns,474750
Skul: The Hero Slayer,1147560
Perseus: Titan Slayer,2003050
City Bus Manager,1364210
cyubeVR,619500
METAL SLUG 3,250180
"Warhammer 40,000: Dawn of War II",15620
"Warhammer 40,000: Dawn of War II",15669
Munchkin Digital,1722860
Kingdoms of Amalur: Re-Reckoning,1041720
METAL SLUG X,312610
Planet Coaster,493340
Sengoku Dynasty,1702010
EMERGENCY 4 Deluxe,757210
Kingdom Two Crowns,701160
Mini Healer,955740
Risen 3 - Titan Lords,249230
AO International Tennis,758410
"Trolley Problem, Inc.",1582680
The Hex,510420
Sacred 2 Gold,225640
We Were Here Together,865360
Zombie Cure Lab,1620290
Portal,400
Day of Defeat,30
Deathbound,1190060
Deathbound,1277130
Ultimate Admiral: Dreadnoughts,1069660
GTFO,493520
DARK SOULSâ„¢ II,236430
SEASON: A letter to the future,695330
Garden Life: A Cozy Simulator,1915380
SOUTH PARK: SNOW DAY!,1214650
One Military Camp,1743830
The Banner Saga,237990
The Lamplighters League,1167750
Surviving Mars,464920
Baba Is You,736260
Dome Keeper,1637320
Coin Factory,2992500
Factory Town Idle,2207490
SUMMERHOUSE,2533960
DRAGON BALL FighterZ,678950
Before Exit: Supermarket,2983730
The Room 4: Old Sins,1361320
Roboquest,692890
Command & Conquerâ„¢ Generals Zero Hour,2732960
Command & Conquerâ„¢ Tiberian Sunâ„¢ and Firestormâ„¢,2229880
Clank!,1722870
Occupy Mars: The Game,758690
Reus 2,1875060
Dawn of Man,858810
Demon Slayer -Kimetsu no Yaiba- The Hinokami Chronicles,1490890
Rogue Legacy 2,1253920
Forgotten Seas,2168260
Blockbuster Inc.,1793090
Left 4 Dead,500
Shenmue III,878670
The Crackpet Show,1390700
Undawn,1881700
Train Valley,353640
Endling - Extinction is Forever,898890
STAR WARSâ„¢: Squadrons,1222730
Dead Space (2008),17470
Codename: Panzers - Cold War,9850
Electrician Simulator,1080020
YUMENIKKI -DREAM DIARY-,774811
April 24th,2907190
Project Lazarus,2024230
The Expanse: A Telltale Series,1708010
Total War: MEDIEVAL II - Definitive Edition,4700
City Car Driving,493490
Supernormal,2532430
My Singing Monsters,1419170
(the) Gnorp Apologue,1473350
Horizon Chase Turbo,389140
SUPERHOT VR,617830
Monster Sanctuary,814370
Narita Boy,1069530
New Super Lucky's Tale,1038300
1428: Shadows over Silesia,1228500
Real Pool 3D - Poolians,670290
Age of Darkness: Final Stand,1426450
La-Mulana,230700
Pony Island,405640
AK-xolotl,1479140
Last Stop,2327980
Last Stop,1122690
Aquarist,1430760
Green Hell,815370
Backrooms: Escape Together,2141730
Randal's Monday,314810
The Unfinished Swan,1206430
Summer in Mara,962580
Forgive Me Father,1590910
RWBY: Grimm Eclipse,418340
OhShape,1098100
I Am Fish,1472560
Bee Simulator,914750
Pascal's Wager: Definitive Edition,1456650
Trackmania,2225070
CONSCRIPT,1286990
The Escapists 2,641990
METAL GEAR SOLID 3: Snake Eater - Master Collection Version,2131650
Redout 2,1799930
Sons of Valhalla,1409830
Resident Evil 0,339340
For The King,527230
Wobbledogs,1424330
Street Fighter V,310950
LEGOÂ® Batmanâ„¢ 2: DC Super Heroes,213330
Closer the Distance,1991300
Redfall,1294810
Forager,751780
Beyond: Two Souls,960990
Bud Spencer & Terence Hill - Slaps And Beans 2,2142330
Pentiment,1205520
Symphony of War: The Nephilim Saga,1488200
Townsmen VR,749960
Ryse: Son of Rome,302510
Lake,1118240
Deceit,466240
Super Animal Royale,843380
Emily Wants To Play,416590
Hero Tale,2513240
Quake Champions,611500
Crusader Kings II,203770
Halo: The Master Chief Collection,976730
Dungeon Keeperâ„¢ 2,2616460
World War Z,699130
A Tower Full of Cats,2179170
Yoku's Island Express,334940
I'm counting to 6...,2717260
Islets,1669420
SILENT BREATH,2796180
Imperial Glory,277450
Junkyard Simulator,671970
Celeste,504230
Stolen Realm,1330000
IMMORTALITY,1350200
Turbo Kid,1733250
Turbo Kid,467230
Surgeon Simulator: Experience Reality,518920
OneShot,420530
OneShot,1221330
Beer Factory,1782570
Baldur's Gate: Enhanced Edition,228280
Baldur's Gate II: Enhanced Edition,257350
Moonstone Island,1658150
Denizen,2010030
ROBOBEAT,1456760
"Warhammer 40,000: Warpforge",1985170
Aeterna Noctis,1517970
Chronicles Of Sagrea,2727670
Hubris,1265800
Gang Beasts,285900
Noita,881100
Total War: THREE KINGDOMS,779340
Saleblazers,1419850
Risen,40300
Risen,40309
ContractVille,2698780
Winter Survival,1394960
9-Bit Armies: A Bit Too Far,1439750
Cobra Kai 2: Dojos Rising,1681870
The Last Haven,1203930
Lost Light,1797880
Let Me Out,2025770
Let Me Out,1269520
Battlefieldâ„¢ Hardline,1238880
Lost in Randomâ„¢,1462570
Ken Follett's The Pillars of the Earth,234270
Zup! S,617670
A Castle Full of Cats,2070550
ScourgeBringer,1037020
Hotline Miami,219150
Carmageddon: Max Damage,505170
Draw & Guess,1483870
Detective Gallo,556060
Farm Manager 2021,1123830
Super Dark Deception,2193720
Pumping Simulator 2,2499470
Ufouria: The Saga 2,2685090
Waven,2343650
Saints Row 2,9480
Spirit of the North,1213700
Worms Ultimate Mayhem,70600
Edge Of Eternity,269190
Ultimate Fishing Simulator 2,1136380
The Long Dark,305620
SimRail - The Railway Simulator,1422130
Prison Simulator,842180
Voice of Cards: The Forsaken Maiden,1748660
Zoo Simulator,2129220
Breakwaters,1203180
Car For Sale Simulator 2023,2248760
Trans-Siberian Railway Simulator,998400
Spelunky 2,418530
Shieldwall,1216320
Voice of Cards: The Beasts of Burden,1890740
Voice of Cards: The Isle Dragon Roars,1113570
SteamWorld Dig,252410
Super Woden GP,1534180
Assemble with Care,1202900
METAL SLUG,366250
Anna's Quest,327220
Brass: Birmingham,1287920
Ys Origin,207350
The Lab - Escape Room,1960930
60 Parsecs!,646270
Artisan TD,2224640
Fork Road,2976400
Bus World,1193090
Guardians Frontline,1481440
Reigns Beyond,1663400
Worms Reloaded,22600
Hellish Quart,1000360
DEVIL BLADE REBOOT,2882440
Sherlock Holmes Chapter One,1137300
Mago,1098280
Farm Manager World,2206350
Codename: Ocean Keeper,2845630
Barro Racing,1307090
Syberia 3,464340
The Witcher 2: Assassins of Kings Enhanced Edition,20920
Star Trek: Infinite,1622900
Moving Out 2,1641700
Headbangers: Rhythm Royale,1761620
Risk of Rain Returns,1337520
Tricky Towers,437920
Darkestville Castle,689900
Into the Breach,590380
Anno 1404 - History Edition,1281630
ELEX II,900040
Day of the Tentacle Remastered,388210
Suicide Squad: Kill the Justice League,315210
Minami Lane,2678990
Mirror's Edgeâ„¢ Catalyst,1233570
Expeditions: Conquistador,237430
Peggle Deluxe,3480
Agatha Knife,618950
Alone in the Dark (2008),259170
TerraScape,2290000
Simple CEO,2704510
Little Inferno,221260
Abathor,2295610
DRAGON BALL Z: KAKAROT,851850
Plague Inc: Evolved,246620
Loop Hero,1282730
I Wani Hug that Gator!,1895350
Them and Us,915600
Tower Hunter: Erza's Trial,844850
Rebel Cops,970960
Donut County,702670
Sherlock Holmes The Awakened,1949030
Plan B: Terraform,1894430
Fuga: Melodies of Steel 2,2001340
Doki Doki AI Interrogation,2844700
Firestone: Online Idle RPG,1013320
Gunvolt Chronicles: Luminous Avenger iX 2,1733880
Rogue Heroes: Ruins of Tasos,787810
RISK: Global Domination,1128810
Last Whisper,2172320
Castle Empire,2566270
Moss,846470
Educational Games for Kids,1387560
Gal Guardians: Demon Purge,2081400
Yellow Taxi Goes Vroom,2011780
Counter-Strike: Source,240
Jump King,1061090
FINAL FANTASY VII,39140
Primal Carnage: Extinction,321360
clickyland,2751050
Open Roads,1497360
Happy Sheepies,2860450
Eternal Return,1049590
Eternal Return,528010
Infectonator 3: Apocalypse,666570
Harvest Days: My Dream Farm,1515320
LEGOÂ® Builder's Journey,1544360
Sticky Business,2303350
Galactic Conquest Battle Infinity,2344630
Becastled,1330460
Wingspan,1054490
PERISH,1016360
CryoFall,829590
Model Builder: Complete Edition,1164250
RACE 07,8600
Monster Energy Supercross - The Official Videogame 5,1610460
Worms Revolution,200170
Project Hospital,868360
World Soccer Pinball,2395840
GRIS,683320
Disney Speedstorm,1537830
VEGA Conflict,339600
Pro Cycling Manager 2014,255260
Glimmer in Mirror,1035760
Idle Slayer,1353300
A Memoir Blue,1497450
Eastward,977880
Pet Shop Simulator,2401680
Nightmare Frames,1650590
Burnoutâ„¢ Paradise Remastered,1238080
Cats Love Boxes,1961160
MechaNika,384680
Ashen,649950
Ib,1901370
The Legend of Skye,2314850
World Championship Boxing Managerâ„¢ 2,1903970
Rise of the Triad: Ludicrous Edition,1421490
Riven (1997),63610
Dracula: Origin,11050
The Abbey - Director's cut,1019020
Galaxy Trucker: Extended Edition,870690
Milk inside a bag of milk inside a bag of milk,1392820
PAC-MANâ„¢ CHAMPIONSHIP EDITION 2,441380
Escape First 3,1258460
Helheim Hassle,1095120
Stray Cats in Cozy Town,2901140
Radio Commander,871530
Karos,337410
PowerSlave Exhumed,1678430
Reus,222730
YouRiding - Surfing and Bodyboarding Game,1725680
Sky Force Reloaded,667600
Might & Magic: Heroes VI,48220
Blacksad: Under the Skin,1003890
Dragon's Lair,227380
Batmanâ„¢: Arkham Origins,209000
FTL: Faster Than Light,212680
Heroes of Might & Magic V: Tribes of the East,15370
Truck Racer,256070
FEZ,224760
We Were Here Too,677160
UNO,470220
TopSpin 2K25,1785650
Construction Simulator,1273400
Happy Room,550010
Dead Cells,588650
FlatOut 2,2990
Spooky's Jump Scare Mansion: HD Renovation,577690
Silver,606680
Deponia Doomsday,421050
"Please, Donâ€™t Touch Anything",354240
Halls of Torment,2218750
Sea of Solitude,1225590
Unravel,1225560
Sacred Citadel,207930
Hotel Renovator,1214470
Estate Agent Simulator,2553050
Sagrada,965590
"Warhammer 40,000: Mechanicus",673880
Nebuchadnezzar,1157220
Zula Global,747610
Arctic Eggs,2763670
Shattered Pixel Dungeon,1769170
"STAR WARSâ„¢ Battlefront (Classic, 2004)",1058020
Pile Up!,2094910
Super Auto Pets,1714040
Looking Up I See Only A Ceiling,1742930
Ghost on the Shore,1211930
100 Istanbul Cats,2845250
The Procession to Calvary,1071130
The Room,288160
Flower,966330
Super Bunny Man,673750
A Building Full of Cats,1969080
Wattam,702680
Sherlock Holmes: Crimes and Punishments,241260
Unforeseen Incidents,501790
Labyrinthine,1302240
Two Point Hospital,535930
Monster Jam Steel Titans,824280
Verne: The Shape of Fantasy,1424600
WE ARE FOOTBALL,1196470
Kao the Kangaroo,1370140
PixelJunkâ„¢ Monsters Ultimate,243780
Merchant of the Skies,1040070
Castlevania: Lords of Shadow 2,239250
Drink More Glurp,1056690
Reigns: Her Majesty,717640
Airplane Mode,931310
CRAYON SHINCHAN The Storm Called! FLAMING KASUKABE RUNNER!!,1921740
Reanimation Inc.,1089820
Sniper: Ghost Warrior,34830
Heroes of Might & Magic V,15170
Zup! 9,1098340
Session: Skate Sim,861650
Engine Evolution 2022,1871990
Hidden Through Time,524910
Azure Striker Gunvolt 2,1065180
Arcade Paradise,1388870
Potion Tycoon,1485690
LostWinds 2: Winter of the Melodias,447800
Capcom Arcade 2nd Stadium,1755910
Sonic Adventure DX,71250
Turok 2: Seeds of Evil,405830
Grow Home,323320
Mad Tower Tycoon,910880
Potion Craft: Alchemist Simulator,1210320
ArcaniA: Fall of Setarrif,65610
Heavenly Bodies,1138850
Old Man's Journey,581270
Battle Tanks: Legends of World War II,782670
100% Orange Juice,282800
Deponia,214340
Hellsweeper VR,1341490
Battle Chasers: Nightwar,451020
Bud Spencer & Terence Hill - Slaps And Beans,564050
Second Sight,11550
The Artful Escape,1122680
Mundaun,720350
Biped,1071870
FAR: Changing Tides,1570010
Twin Mirror,1552810
METAL SLUG 2,366260
Pizza Possum,1951230
Plastomorphosis,2459430
X2: The Threat,2800
Dungeon Siege,39190
Ticket to Ride,2477010
Grow Up,426790
Soccer Manager 2022,1777760
Samawa Idle,2562730
Cozy Grove,1458100
Hacknet,365450
Ad Fundum,2647820
Witch's Doll,2892000
The Knight Witch,1872680
This Is the Police 2,785740
Mighty Goose,1299360
Remnant Records,1916310
The Outer Worlds: Spacer's Choice Edition,1920490
Into the Emberlands,2856370
Mini Motorways,1127500
Pets Hotel,1714250
EMERGENCY 3,757200
Aven Colony,484900
Contagion,238430
Kero Blaster,292500
DungeonTop,1146230
Worms Rumble,1186040
The Battle of Polytopia,874390
Don Duality,2247570
Brunch Club,1045120
Caveblazers,452060
Azure Striker Gunvolt,388800
HITM3,2709190
Yooka-Laylee and the Impossible Lair,846870
Placid Plastic Duck Simulator,1999360
An Arcade Full of Cats,2368470
100 Steps,2374420
Kukoro: Stream chat games,1166990
TheoTown,1084020
Angelstruck,2576460
Sunday Gold,1969440
The Room Three,456750
Insurgency: Sandstorm,581320
cat notebook,1003490
Ship Graveyard Simulator,1286880
September 7th,2249160
Florence,1102130
Call of Farming : Together,2715390
Luna's Fishing Garden,1477790
Viking Rise: Valhalla,2819520
Reigns: Game of Thrones,897820
Perfect Heist,787040
LEGOÂ® MARVEL's Avengers,405310
The Past Within,1515210
Safecracker: The Ultimate Puzzle Adventure,3260
Thought Experiment Simulator,2696320
Tick Tock: A Tale for Two,790740
Land of the Vikings,1981570
The Guest,402040
The Guest,2506110
Roguebook,1076200
Garfield Kart,362930
Across the Obelisk,1385380
Resident Evil 2,883710
MX vs. ATV Reflex,55140
Hatred,341940
Police Stories,539470
Slot Waste,3109370
Zuma Deluxe,3330
Tannenberg,633460
Sonic Mania,584400
Curious Expedition 2,1040230
Farm Keeper,2458940
Dance Collider,692690
Verdun,242860
Kindergarten,589590
GUNCHO,2736220
Dungeon Keeper Goldâ„¢,1996630
FatalZone,2488510
Fe,1225580
Moving Through Life,2304240
Myst: Masterpiece Edition,63660
Farmer's Life,1137750
Aggressors: Ancient Rome,783210
Luminaria: Dark Echoes,2690580
The Room Two,425580
SCARF,844740
SCARF,645320
Sim Companies,2253720
LUMINES REMASTERED,851670
Mushroom Wars 2,457730
Snowsquall Grip,3000420
Pomberito,2761100
Conquest of Empires 2,2542860
Police Shootout,1279240
Lands of Rage,1820460
A Little Golf Journey,1232150
Born Again,2332210
King's Bounty II,1135300
Floodland,1336180
Cube Escape Collection,1292940
Evil Defenders,412520
House Builder,1244630
Alien Breed 2: Assault,22650
Quest Hunter,487000
Minute of Islands,1049710
Port Royale 4,1024650
Anomaly Exit,2232600
Girls Tennis League,2318440
Ultimate Zombie Defense,1035510
Progressbar95,1304550
Psalm 5:9-13,1837220
RAID: World War II,414740
Chaos on Deponia,220740
1 Moment Of Time: Silentville,497400
The Braves,2479830
Hokko Life,824000
Happy Animal Choir,2775230
Noctropolis,377070
Witch It,559650
Barro F,1239260
Barro 2020,1168660
PegIdle,2821890
Music Killer,930620
Nerd Survivors,2648990
Exoprimal,1286320
Rogue Warrior,22310
Rogue Warrior,22319
ARCADE GAME SERIES: PAC-MAN,394160
Full Spectrum Warrior,4520
ibb & obb,95400
LEGOÂ® Jurassic World,352400
Demetrios - The BIG Cynical Adventure,451570
Barro F22,1958600
Barro 22,1797610
STASIS,380150
The White Door,1145960
ISOLAND4: The Anchor of Memory,2700230
Saints Row: Gat out of Hell,301910
Giants Uprising,1109160
"Codename: Panzers, Phase One",411310
The Guild II,39650
Rusty Lake Hotel,435120
Don't Bite Me Bro! +,786450
Retrowave,1239690
Rusty Lake: Roots,532110
Rusty Lake Paradise,744190
Cats Around Us : Giant Cat,2925310
Car Mechanic Simulator 2018,645630
Kaze and the Wild Masks,829280
Monster Crown,830370
Zombie Army 4: Dead War,694280
BACKROOMS THE COMPANY,3015860
Dead In Bermuda,384310
SpeedRunners,207140
Escape First,850450
Prominence Poker,384180
Doom & Destiny,318130
Train Mechanic Simulator 2017,538810
Catoise,1856130
APE OUT,447150
King of Seas,1209410
PAW Patrol: Grand Prix,1770490
BlazBlue: Calamity Trigger,263300
The Hero's Way,2398220
a new life.,1297160
Sheltered,356040
Cube Escape: Paradox,909080
Black Mirror I,292930
Epic Chef,1312960
Rest In Pieces,1172060
Cats Organized Neatly,1369340
Destiny Encore,3072780
Gordian Rooms 1: A curious heritage,1285080
Citizens: Far Lands,1646120
Ball-it Hell,1335940
Exanimum: The Silent Call,2601030
Wild Legion,2359760
Meowsterpiece Museum,2807600
Gabenwood 2: 99 Hidden Euros,2584340
Build Master: MarsVille,2366120
Sacred 3,247950
Driftland: The Magic Revival,718650
Hidden Cat Memories,3040820
Zup! Q,2206560
Worms Crazy Golf,81198
Worms Crazy Golf,70620
Galaxy Life,1927780
Helldorado,18470
Ultimate Booster Experience,499620
Mister Furry: Hot Muscles,1578220
UBERMOSH,357070
Project RIP,1131400
100 hidden Cthulhu fish,2998850
LYNE,266010
Purrfect Rescue,2443520
Zup! Zero 2,658550
Soccer Online: Ball 3D,485610
Battle Academy,287070
Dungeon Defenders,65800
Urban Trial Playground,988240
Defunct,359350
Harvester,287020
101 Cats Hidden in Shanghai,3118580
101 Cats Hidden in Amsterdam,3110520
Extreme Car Drift Simulator,2287060
Hidden Office,1642940
Burger Restaurant Simulator,2549720
A New Beginning - Final Cut,105000
Distant Space 2,729460
Choice of Life: Middle Ages,1337890
Niko: Through The Dream,296550
My Suika - Watermelon Game,2671970
Need for Drive - Open World Multiplayer Racing,1531720
Exile to Death,489240
LEAVES - The Journey,569800
Cats Hidden in Italy,2313240
Rhino's Rage,433210
Russian Life Simulator,1070330
Subsistence,418030
Mr.Mine,1397920
Adam's Venture Chronicles,362410
Fireboy & Watergirl: Fairy Tales,1781350
Cats and Seek : Kyoto,2845320
Hidden Cats In Fallen Leaves Town,3110270
Drift Phonk 666,1591870
LEAVES - The Return,569810
Cosmos Bit,1823170
Barro T23,2379030
Gabenwood: 99 Hidden Bucks,2103710
Adorables,366760
Munin,281750
Urban Trial Freestyle,243450
The Valiant,959860
Cat Search in Feudal Japan,2733920
Rock 'N' Roll Defense,438480
101 Cats Hidden in Las Vegas,3072060
City Climber,538840
BLOODSAINT,2998040
Byte Family,542880
Farming Tractor Simulator: Big Farm,2315010
Possessed,607210
Fighters Unleashed,566560
Fireside,1722700
Shotgun King: The Final Checkmate,1972440
